Domain,Status,Attractiveness,Demand,Length,Sectors,Created,Expires,Registrar
brief.vote,available,124,19%,5,"Business,Education,General,Law",,,
complete.vote,available,120,21%,8,"Manufacturing,Retail,Technology",,,
wizard.vote,available,118,42%,6,"Entertainment,Media,Technology",,,
tenth.vote,available,116,7%,5,Mathematics,,,
flat.vote,available,116,24%,4,"Construction,Real Estate",,,
tonic.vote,available,114,22%,5,"Health and Fitness,Medicine,Science",,,
hotshot.vote,available,112,14%,7,"Business,Entertainment,Sports",,,
above.vote,available,112,22%,5,Business,,,
zero.vote,resell,112,49%,4,Mathematics,26/03/2021 10:04,26/03/2026 10:04,"NameCheap, Inc."
acute.vote,available,112,9%,5,"Mathematics,Medicine,Science",,,
abstract.vote,available,108,29%,8,"Arts,Humanities,Science",,,
abiding.vote,available,106,5%,7,"General,Religion",,,
active.vote,available,104,27%,6,"Health and Fitness,Sports,Travel",,,
captive.vote,available,102,14%,7,"Entertainment,Hospitality,Technology",,,
eight.vote,available,102,23%,5,"General,Mathematics",,,
absent.vote,available,102,8%,6,"Business,Education,Technology",,,
extra.vote,available,102,26%,5,"Fashion,Retail,Technology",,,
crack.vote,available,100,20%,5,Sports,,,
whiz.vote,available,100,12%,4,"Business,Education,Technology",,,
abrupt.vote,available,100,3%,6,"Medicine,Science",,,
remove.vote,available,100,13%,6,"Construction,Manufacturing,Technology",,,
eighth.vote,available,100,6%,6,Mathematics,,,
sixth.vote,available,100,8%,5,Mathematics,,,
ninth.vote,available,100,9%,5,Mathematics,,,
adjunct.vote,available,100,5%,7,Education,,,
whizz.vote,available,98,11%,5,"Business,Education,Technology",,,
alamode.vote,available,96,12%,9,Fashion,,,
actual.vote,available,96,22%,6,"Real Estate,Retail,Technology",,,
academic.vote,available,96,20%,8,"Education,Humanities,Science",,,
forgiving.vote,available,96,3%,9,"Healthcare,Religion",,,
doable.vote,available,96,9%,6,"Business,Education,Technology",,,
around.vote,available,94,22%,6,"Business,General,Media,Technology",,,
adequate.vote,available,94,9%,8,"Education,Healthcare,Technology",,,
virtuoso.vote,available,94,16%,8,"Arts,Entertainment",,,
abject.vote,available,94,7%,6,Humanities,,,
about.vote,available,94,28%,5,"Business,General,Media,Technology",,,
twentieth.vote,available,92,3%,9,Mathematics,,,
exemplary.vote,available,92,5%,9,"Business,Education,Healthcare",,,
adept.vote,available,92,24%,5,"Education,Health and Fitness,Sports",,,
abroad.vote,available,92,12%,6,"Hospitality,Travel",,,
derelict.vote,available,92,7%,8,"Construction,Real Estate",,,
nought.vote,available,92,4%,6,Mathematics,,,
adjective.vote,available,92,5%,9,Education,,,
neutral.vote,available,92,20%,7,"Business,Media,Politics",,,
next.vote,available,92,43%,4,"Retail,Technology,Transportation",,,
gripping.vote,available,90,3%,8,"Entertainment,Media,Technology",,,
adoring.vote,available,90,2%,7,"Entertainment,Fashion,Retail",,,
addictive.vote,available,90,9%,9,Healthcare,,,
additional.vote,available,90,8%,10,"Fashion,Retail,Technology",,,
abortive.vote,available,90,1%,8,"Medicine,Science",,,
riveting.vote,available,90,6%,8,"Entertainment,Media,Technology",,,
endearing.vote,available,90,1%,9,"Entertainment,Fashion,Retail",,,
leash.vote,available,90,7%,5,"General,Health and Fitness,Retail",,,
twelve.vote,available,88,18%,6,"General,Mathematics",,,
sixteen.vote,available,88,11%,7,Mathematics,,,
ace.vote,available,88,34%,3,Sports,,,
eleven.vote,available,88,33%,6,Mathematics,,,
adlib.vote,available,88,7%,6,Entertainment,,,
hundred.vote,available,88,14%,7,Mathematics,,,
ten.vote,available,88,28%,3,"General,Mathematics",,,
actionable.vote,available,88,13%,10,"Business,Law",,,
wide.vote,available,88,18%,4,"Business,Media,Technology",,,
activist.vote,available,88,12%,8,"Humanities,Politics",,,
three.vote,available,88,24%,5,Mathematics,,,
fifteen.vote,available,88,13%,7,Mathematics,,,
proficient.vote,available,88,8%,10,"Education,Health and Fitness,Sports",,,
attendant.vote,available,86,5%,9,"Healthcare,Hospitality,Transportation",,,
adolescent.vote,available,86,3%,10,"Education,Entertainment,Healthcare",,,
recondite.vote,available,86,4%,9,"Arts,Humanities,Science",,,
xix.vote,available,86,11%,3,Mathematics,,,
extempore.vote,available,86,3%,9,Entertainment,,,
intent.vote,available,86,25%,6,"Business,Education,Technology",,,
xiv.vote,available,86,12%,3,Mathematics,,,
engrossing.vote,available,86,0%,10,"Entertainment,Media,Technology",,,
cipher.vote,available,86,29%,6,Mathematics,,,
aboriginal.vote,available,86,10%,10,Humanities,,,
thousand.vote,available,84,8%,8,Mathematics,,,
deviate.vote,available,84,12%,7,"Medicine,Science",,,
thirteen.vote,available,84,10%,8,Mathematics,,,
twentytwo.vote,available,84,11%,10,Mathematics,,,
acting.vote,available,84,12%,6,Entertainment,,,
adjustable.vote,available,84,3%,10,"Manufacturing,Retail,Technology",,,
accessory.vote,available,84,8%,9,"Fashion,Retail,Technology",,,
nineteen.vote,available,84,8%,8,Mathematics,,,
fourteen.vote,available,84,8%,8,Mathematics,,,
seventeen.vote,available,84,7%,9,Mathematics,,,
twentyone.vote,available,84,13%,10,Mathematics,,,
fivesome.vote,available,82,1%,8,Sports,,,
cleansing.vote,available,82,3%,9,Health and Fitness,,,
altered.vote,available,82,9%,7,"Medicine,Science",,,
abdominal.vote,available,82,1%,9,"Health and Fitness,Medicine",,,
enduring.vote,available,82,9%,8,"Health and Fitness,Religion",,,
decade.vote,available,82,10%,6,Mathematics,,,
impromptu.vote,available,82,16%,9,Entertainment,,,
absorbent.vote,available,82,3%,9,"Healthcare,Manufacturing,Retail",,,
dozen.vote,available,82,10%,5,Mathematics,,,
abroach.vote,available,82,1%,7,Food and Beverage,,,
abenaki.vote,available,82,2%,7,Geography,,,
abkhaz.vote,available,82,1%,6,Geography,,,
absurd.vote,available,80,16%,6,"Arts,Entertainment,Media",,,
seventh.vote,available,80,10%,7,Mathematics,,,
adoptable.vote,available,80,3%,9,"Education,Healthcare",,,
absorbable.vote,available,80,0%,10,"Healthcare,Pharmaceuticals,Science",,,
trio.vote,available,80,21%,4,Entertainment,,,
wiz.vote,available,80,30%,3,"Business,Education,Technology",,,
absolute.vote,available,80,25%,8,"Engineering,Mathematics,Science",,,
first.vote,resell,80,36%,5,"General,Mathematics",24/07/2025 15:16,24/07/2026 15:16,"Sav.com, LLC - 45"
nine.vote,available,80,24%,4,"General,Mathematics",,,
yard.vote,available,80,26%,4,"Construction,General",,,
abundant.vote,available,80,19%,8,"Agriculture,Manufacturing,Retail",,,
worshipful.vote,available,80,1%,10,"Education,Healthcare,Religion",,,
superstar.vote,available,80,18%,9,Entertainment,,,
able.vote,expired,80,29%,4,"Business,Education,General,Technology",01/07/2020 19:20,01/07/2025 19:20,"GoDaddy.com, LLC"
capable.vote,available,80,12%,7,"Business,Education,Technology",,,
forty.vote,available,80,9%,5,Mathematics,,,
some.vote,available,80,32%,4,"Business,Media,Retail",,,
two.vote,available,80,24%,3,Mathematics,,,
twenty.vote,available,80,12%,6,Mathematics,,,
dorsal.vote,available,80,6%,6,"Medicine,Science",,,
honestly.vote,available,78,9%,8,"Business,Law",,,
acceptant.vote,available,78,1%,9,"Education,Healthcare",,,
acceptable.vote,available,78,5%,10,"Business,Hospitality,Retail",,,
accepted.vote,available,78,6%,8,"Business,Education,Technology",,,
abounding.vote,available,78,2%,9,Agriculture,,,
accidental.vote,available,78,11%,10,"Healthcare,Insurance,Transportation",,,
accurate.vote,available,78,16%,8,"Engineering,Mathematics,Science",,,
adjacent.vote,available,78,9%,8,"Construction,Real Estate,Retail",,,
recognised.vote,available,78,3%,10,"Business,Education,Technology",,,
low.vote,available,78,20%,3,"Business,Finance",,,
abkhasian.vote,available,78,1%,9,Geography,,,
accessible.vote,available,78,21%,10,"Healthcare,Retail,Technology",,,
absorptive.vote,available,78,1%,10,"Healthcare,Manufacturing,Retail",,,
athletic.vote,available,78,15%,8,"Health and Fitness,Sports",,,
dormant.vote,available,78,4%,7,"Medicine,Science",,,
adorable.vote,available,78,8%,8,"Entertainment,Fashion,Retail",,,
sixtynine.vote,available,78,8%,10,Mathematics,,,
abkhazian.vote,available,78,1%,9,Geography,,,
twentysix.vote,available,78,8%,10,Mathematics,,,
recognized.vote,available,78,3%,10,"Business,Education,Technology",,,
adrenal.vote,available,78,4%,7,"Education,Healthcare,Science",,,
resultant.vote,available,76,2%,9,"Healthcare,Insurance,Transportation",,,
incidental.vote,available,76,4%,10,"Healthcare,Insurance,Transportation",,,
hundredth.vote,available,76,1%,9,Mathematics,,,
adherent.vote,available,76,4%,8,"Politics,Religion",,,
eighteen.vote,available,76,7%,8,Mathematics,,,
thousandth.vote,available,76,1%,10,Mathematics,,,
diamond.vote,available,76,32%,7,Fashion,,,
addable.vote,available,76,2%,7,"Engineering,Mathematics,Science",,,
firstrate.vote,available,76,6%,10,Business,,,
ague.vote,available,76,2%,4,"Geography,Medicine,Science",,,
threed.vote,available,76,7%,7,Technology,,,
adaptive.vote,available,76,28%,8,"Business,Education,Technology",,,
abrasive.vote,available,76,6%,8,"Construction,Manufacturing",,,
adaptable.vote,available,76,9%,9,"Business,Education,Technology",,,
nineteenth.vote,available,76,3%,10,Mathematics,,,
auxiliary.vote,available,76,7%,9,"Healthcare,Manufacturing,Technology",,,
energizing.vote,available,76,3%,10,"Food and Beverage,Health and Fitness,Travel",,,
improvise.vote,available,76,4%,9,Entertainment,,,
fourteenth.vote,available,76,1%,10,Mathematics,,,
adhesive.vote,available,76,7%,8,"Construction,Manufacturing,Technology",,,
acoustic.vote,available,76,14%,8,Science,,,
thirteenth.vote,available,76,4%,10,Mathematics,,,
ancillary.vote,available,76,6%,9,"Healthcare,Manufacturing,Technology",,,
fifteenth.vote,available,76,2%,9,Mathematics,,,
adipose.vote,available,76,2%,7,"Healthcare,Science",,,
ventral.vote,available,76,3%,7,Science,,,
obscene.vote,available,76,5%,7,"Entertainment,Media",,,
abnormal.vote,available,74,16%,8,"Medicine,Science",,,
broad.vote,available,74,13%,5,"Entertainment,General,Media",,,
adamant.vote,available,74,14%,7,Religion,,,
adrenergic.vote,available,74,1%,10,"Education,Healthcare,Science",,,
cleared.vote,available,74,7%,7,"Healthcare,Law,Transportation",,,
skilful.vote,available,74,3%,7,"Education,Health and Fitness,Sports",,,
accepting.vote,available,74,3%,9,"Education,Healthcare",,,
acuate.vote,available,74,2%,6,"Engineering,Medicine,Science",,,
playing.vote,available,74,12%,7,Entertainment,,,
adenoid.vote,available,74,1%,7,"Health and Fitness,Medicine,Science",,,
adapted.vote,available,74,6%,7,"Healthcare,Manufacturing,Technology",,,
sensation.vote,available,74,7%,9,"Entertainment,Media,Sports",,,
activated.vote,available,74,9%,9,"Healthcare,Manufacturing,Technology",,,
mavin.vote,available,74,7%,5,"Entertainment,Fashion,Technology",,,
manageable.vote,available,74,4%,10,"Business,Education,Technology",,,
realizable.vote,available,74,1%,10,"Business,Education,Technology",,,
supra.vote,available,74,25%,5,"Medicine,Science",,,
aberrant.vote,available,74,6%,8,"Medicine,Science",,,
achievable.vote,available,74,4%,10,"Business,Education,Technology",,,
admirable.vote,available,74,5%,9,"Business,Education,Healthcare",,,
sixtieth.vote,available,72,1%,8,Mathematics,,,
adiabatic.vote,available,72,3%,9,"Engineering,Science",,,
aching.vote,available,72,4%,6,Healthcare,,,
deep.vote,available,72,41%,4,"Engineering,Mathematics,Science",,,
adjunctive.vote,available,72,1%,10,"Healthcare,Manufacturing,Technology",,,
ternary.vote,available,72,7%,7,Mathematics,,,
trey.vote,available,72,14%,4,Sports,,,
abloom.vote,available,72,5%,6,Agriculture,,,
accusative.vote,available,72,0%,10,"Humanities,Law",,,
engrossed.vote,available,72,1%,9,"Entertainment,Media,Technology",,,
ablaze.vote,available,72,6%,6,Entertainment,,,
existent.vote,available,72,3%,8,"Mathematics,Science",,,
absolutist.vote,available,72,1%,10,"Humanities,Law,Politics",,,
ninetieth.vote,available,72,1%,9,Mathematics,,,
seventieth.vote,available,72,1%,10,Mathematics,,,
adaptative.vote,available,72,1%,10,"Business,Education,Technology",,,
addicted.vote,available,72,9%,8,Healthcare,,,
improvize.vote,available,72,1%,9,Entertainment,,,
champion.vote,available,72,28%,8,"Entertainment,Health and Fitness,Sports",,,
trinity.vote,available,72,18%,7,Religion,,,
absorbed.vote,available,72,2%,8,"Entertainment,Media,Technology",,,
adonic.vote,available,72,2%,6,"Arts,Education,Entertainment",,,
accustomed.vote,available,72,1%,10,"Business,Education,Humanities",,,
lovely.vote,available,72,26%,6,"Entertainment,Fashion,Retail",,,
eightieth.vote,available,72,1%,9,Mathematics,,,
adjectival.vote,available,72,1%,10,Education,,,
abreast.vote,available,72,2%,7,"Business,Technology",,,
consequent.vote,available,70,3%,10,"Business,Education,General,Technology",,,
practiced.vote,available,70,3%,9,"Education,Health and Fitness,Sports",,,
miserable.vote,available,70,4%,9,Humanities,,,
adamantine.vote,available,70,4%,10,Religion,,,
stillborn.vote,available,70,2%,9,"Medicine,Science",,,
abulic.vote,available,70,1%,6,Medicine,,,
adored.vote,available,70,6%,6,"Entertainment,Fashion,Retail",,,
abradant.vote,available,70,1%,8,"Construction,Manufacturing",,,
tiptop.vote,available,70,24%,6,Fashion,,,
lowdown.vote,available,70,6%,8,"Entertainment,Media",,,
adjusted.vote,available,70,5%,8,"Manufacturing,Retail,Technology",,,
recumbent.vote,available,70,2%,9,"Healthcare,Medicine,Science",,,
absorbing.vote,available,70,3%,9,"Entertainment,Media,Technology",,,
gymnastic.vote,available,70,3%,9,"Entertainment,Sports",,,
offhand.vote,available,70,2%,7,Entertainment,,,
acuminate.vote,available,70,1%,9,"Engineering,Medicine,Science",,,
admired.vote,available,70,5%,7,"Business,Education,Healthcare",,,
skillful.vote,available,70,9%,8,"Education,Health and Fitness,Sports",,,
accumbent.vote,available,70,1%,9,"Healthcare,Medicine,Science",,,
scurvy.vote,available,68,3%,6,Humanities,,,
decorated.vote,available,68,3%,9,"Entertainment,Fashion,Retail",,,
ablative.vote,available,68,3%,8,Science,,,
aculeate.vote,available,68,1%,8,"Engineering,Medicine,Science",,,
achaean.vote,available,68,2%,7,Humanities,,,
ane.vote,available,68,12%,3,Mathematics,,,
fiftieth.vote,available,68,0%,8,Mathematics,,,
abducent.vote,available,68,0%,8,Medicine,,,
licenced.vote,available,68,2%,8,"Business,Healthcare,Insurance",,,
abnaki.vote,available,68,1%,6,Geography,,,
abkhas.vote,available,68,0%,6,Geography,,,
threesome.vote,available,68,5%,9,Entertainment,,,
septenary.vote,available,68,1%,9,Mathematics,,,
foursome.vote,available,68,4%,8,Sports,,,
achaian.vote,available,68,2%,7,Humanities,,,
aberdonian.vote,available,68,1%,10,Geography,,,
licensed.vote,available,68,5%,8,"Business,Healthcare,Insurance",,,
sevener.vote,available,68,1%,7,Mathematics,,,
activating.vote,available,68,3%,10,"Healthcare,Manufacturing,Technology",,,
fortieth.vote,available,68,0%,8,Mathematics,,,
disciple.vote,available,68,14%,8,"Education,Religion",,,
thirtieth.vote,available,68,1%,9,Mathematics,,,
octonary.vote,available,68,1%,8,Mathematics,,,
acerate.vote,available,68,1%,7,Science,,,
accredited.vote,available,68,9%,10,"Business,Education,Healthcare",,,
stygian.vote,available,68,5%,7,Humanities,,,
vindicated.vote,available,68,2%,10,"Humanities,Law,Politics",,,
ennead.vote,available,68,5%,6,Mathematics,,,
aroused.vote,available,68,3%,7,"Entertainment,Health and Fitness",,,
buzzing.vote,available,66,7%,7,"Entertainment,Media,Technology",,,
according.vote,available,66,3%,9,"Business,Education,Technology",,,
ninety.vote,available,66,11%,6,Mathematics,,,
xiii.vote,available,66,9%,4,Mathematics,,,
xii.vote,available,66,10%,3,Mathematics,,,
exonerated.vote,available,66,2%,10,"Humanities,Law,Politics",,,
four.vote,available,66,27%,4,Mathematics,,,
sextet.vote,available,66,1%,6,Entertainment,,,
deuce.vote,available,66,9%,5,Sports,,,
modish.vote,available,66,5%,6,Fashion,,,
maven.vote,available,66,30%,5,"Entertainment,Fashion,Technology",,,
acrobatic.vote,available,66,4%,9,"Entertainment,Sports",,,
xvii.vote,available,66,5%,4,Mathematics,,,
eighty.vote,available,66,6%,6,Mathematics,,,
accessary.vote,available,66,1%,9,"Business,Law,Technology",,,
xxv.vote,available,66,6%,3,Mathematics,,,
xxi.vote,available,66,10%,3,Mathematics,,,
acappella.vote,available,66,6%,10,Entertainment,,,
six.vote,available,66,26%,3,Mathematics,,,
abstinent.vote,available,66,1%,9,"Health and Fitness,Religion",,,
century.vote,available,66,17%,7,Education,,,
teenager.vote,available,66,4%,8,"Education,Entertainment,Healthcare",,,
xxii.vote,available,66,6%,4,Mathematics,,,
adopted.vote,available,66,4%,7,"Education,Healthcare",,,
latest.vote,available,66,18%,6,Technology,,,
tenner.vote,available,66,5%,6,Finance,,,
onec.vote,available,66,6%,5,Mathematics,,,
xxvi.vote,available,66,3%,4,Mathematics,,,
adorned.vote,available,66,5%,7,"Entertainment,Fashion,Retail",,,
fifty.vote,available,66,12%,5,Mathematics,,,
clv.vote,available,66,10%,3,Mathematics,,,
xvi.vote,available,66,5%,3,Mathematics,,,
performing.vote,available,66,6%,10,Entertainment,,,
five.vote,available,66,26%,4,Mathematics,,,
xviii.vote,available,66,5%,5,Mathematics,,,
acervate.vote,available,66,1%,8,Science,,,
thirty.vote,available,66,8%,6,Mathematics,,,
scatty.vote,available,64,1%,6,"Arts,Entertainment,Media",,,
accordant.vote,available,64,3%,9,"Arts,Entertainment",,,
adagio.vote,available,64,14%,6,Entertainment,,,
deviant.vote,available,64,12%,7,"Medicine,Science",,,
absolved.vote,available,64,1%,8,"Humanities,Law,Religion",,,
aflame.vote,available,64,3%,6,Entertainment,,,
acentric.vote,available,64,2%,8,Science,,,
astringent.vote,available,64,1%,10,"Healthcare,Pharmaceuticals",,,
nondrinker.vote,available,64,1%,10,"Health and Fitness,Religion",,,
longdozen.vote,available,62,2%,10,Mathematics,,,
ensuant.vote,available,62,1%,7,"Healthcare,Insurance,Transportation",,,
troika.vote,available,62,8%,6,Politics,,,
twodozen.vote,available,62,1%,9,Mathematics,,,
exculpated.vote,available,62,1%,10,"Humanities,Law,Politics",,,
accrued.vote,available,62,2%,7,"Banking,Finance,Insurance",,,
adoptive.vote,available,62,1%,8,"Education,Healthcare",,,
acidic.vote,available,62,5%,6,"Food and Beverage,Science",,,
cumulative.vote,available,62,2%,10,"Banking,Finance,Insurance",,,
chiliad.vote,available,62,2%,7,Mathematics,,,
admissible.vote,available,62,1%,10,"Education,Healthcare,Law",,,
activistic.vote,available,62,1%,10,"Humanities,Politics",,,
roughly.vote,available,62,3%,7,"Business,Media,Technology",,,
pungent.vote,available,62,1%,7,Food and Beverage,,,
quartet.vote,available,62,7%,7,"Arts,Entertainment",,,
aufait.vote,available,62,3%,7,"Fashion,Media",,,
fortyfour.vote,available,62,6%,10,Mathematics,,,
sixteenth.vote,available,62,1%,9,Mathematics,,,
orso.vote,available,62,9%,5,"Business,Media,Technology",,,
playacting.vote,available,62,1%,10,Entertainment,,,
accusing.vote,available,62,1%,8,Law,,,
wrapped.vote,available,62,13%,7,"Fashion,Hospitality,Retail",,,
adjuvant.vote,available,62,5%,8,"Healthcare,Manufacturing,Technology",,,
abo.vote,available,62,15%,3,Science,,,
eleventh.vote,available,62,5%,8,Mathematics,,,
activation.vote,available,62,16%,10,"Healthcare,Manufacturing,Technology",,,
eighteenth.vote,available,62,1%,10,Mathematics,,,
aborigine.vote,available,62,1%,9,Humanities,,,
nail.vote,available,62,16%,4,"Construction,Fashion,General,Retail",,,
abstainer.vote,available,60,0%,9,"Health and Fitness,Religion",,,
clxxv.vote,available,60,1%,5,Mathematics,,,
tertiary.vote,available,60,4%,8,Education,,,
acceptive.vote,available,60,1%,9,"Education,Healthcare",,,
cxv.vote,available,60,4%,3,Mathematics,,,
cxxxv.vote,available,60,2%,5,Mathematics,,,
annexal.vote,available,60,1%,7,"Agriculture,Manufacturing,Retail",,,
clxxx.vote,available,60,1%,5,Mathematics,,,
xcl.vote,available,60,5%,3,Mathematics,,,
aboveboard.vote,available,60,5%,10,"Business,Law",,,
clxx.vote,available,60,3%,4,Mathematics,,,
adnexal.vote,available,60,1%,7,"Agriculture,Manufacturing,Retail",,,
idolised.vote,available,60,1%,8,"Entertainment,Fashion,Retail",,,
abashed.vote,available,60,1%,7,Humanities,,,
eightysix.vote,available,60,7%,10,Mathematics,,,
cxxx.vote,available,60,4%,4,Mathematics,,,
cxl.vote,available,60,7%,3,Mathematics,,,
paunchy.vote,available,60,0%,7,"Health and Fitness,Medicine",,,
clx.vote,available,60,10%,3,Mathematics,,,
octet.vote,available,60,12%,5,Arts,,,
cxlv.vote,available,60,2%,4,Mathematics,,,
cxx.vote,available,60,10%,3,Mathematics,,,
clxv.vote,available,60,1%,4,Mathematics,,,
idolized.vote,available,60,3%,8,"Entertainment,Fashion,Retail",,,
adnate.vote,available,60,1%,6,"Agriculture,Manufacturing,Retail",,,
thou.vote,available,60,7%,4,Mathematics,,,
cxxv.vote,available,60,1%,4,Mathematics,,,
cautionary.vote,available,60,1%,10,"Business,Education,Healthcare",,,
sixty.vote,available,60,13%,5,Mathematics,,,
abstemious.vote,available,60,0%,10,"Food and Beverage,Health and Fitness,Hospitality",,,
tercet.vote,available,59,2%,6,"Arts,Entertainment,Media",,,
abused.vote,available,58,5%,6,"Healthcare,Law",,,
addible.vote,available,58,2%,7,"Engineering,Mathematics,Science",,,
accented.vote,available,58,3%,8,"Arts,Entertainment",,,
hexad.vote,available,58,4%,5,Mathematics,,,
adhoc.vote,available,58,24%,6,"Business,Engineering,Technology",,,
lxxviii.vote,available,58,1%,7,Mathematics,,,
alacarte.vote,available,58,11%,10,Food and Beverage,,,
heptad.vote,available,58,1%,6,Mathematics,,,
ache.vote,available,58,7%,4,Healthcare,,,
niner.vote,available,58,5%,5,Mathematics,,,
abridged.vote,available,58,4%,8,Media,,,
accretive.vote,available,58,6%,9,"Banking,Finance,Insurance",,,
justabout.vote,available,58,3%,10,"Business,Media,Technology",,,
aucourant.vote,available,58,3%,10,"Fashion,Media",,,
super.vote,resell,58,47%,5,Business,03/02/2015 13:04,03/02/2026 13:04,1API GmbH
eighter.vote,available,58,2%,7,Mathematics,,,
seventy.vote,available,58,7%,7,Mathematics,,,
tetrad.vote,available,58,5%,6,Mathematics,,,
addressed.vote,available,58,3%,9,"Business,Technology,Telecommunications",,,
closeto.vote,available,58,3%,8,"Business,Media,Technology",,,
sixer.vote,available,58,5%,5,Sports,,,
acetic.vote,available,58,1%,6,"Food and Beverage,Science",,,
abandoned.vote,available,58,10%,9,"Construction,Real Estate",,,
twelfth.vote,available,58,2%,7,Mathematics,,,
enwrapped.vote,available,58,0%,9,"Entertainment,Fashion,Media",,,
adient.vote,available,58,4%,6,"Medicine,Science",,,
linear.vote,available,58,22%,6,"Engineering,Mathematics,Science",,,
acyclic.vote,available,58,4%,7,"Engineering,Mathematics,Science",,,
sixtyone.vote,available,58,3%,9,Mathematics,,,
quintet.vote,available,58,8%,7,"Arts,Entertainment",,,
pentad.vote,available,58,2%,6,Mathematics,,,
sextuplet.vote,available,58,1%,9,Healthcare,,,
lxxx.vote,available,58,2%,4,Mathematics,,,
fifth.vote,available,58,12%,5,Mathematics,,,
adjustive.vote,available,58,1%,9,"Manufacturing,Retail,Technology",,,
actuarial.vote,available,58,8%,9,"Finance,Insurance,Mathematics",,,
abuzz.vote,available,58,5%,5,"Entertainment,Media,Technology",,,
offhanded.vote,available,58,1%,9,Entertainment,,,
accoutred.vote,available,58,1%,9,"Fashion,Manufacturing,Retail",,,
fourscore.vote,available,58,4%,9,Mathematics,,,
octad.vote,available,58,5%,5,Mathematics,,,
fourth.vote,available,58,13%,6,Mathematics,,,
centesimal.vote,available,58,1%,10,Mathematics,,,
xli.vote,available,56,5%,3,Mathematics,,,
admissive.vote,available,56,1%,9,"Education,Healthcare,Hospitality",,,
xlv.vote,available,56,6%,3,Mathematics,,,
xxxii.vote,available,56,1%,5,Mathematics,,,
xxviii.vote,available,56,1%,6,Mathematics,,,
triad.vote,available,56,15%,5,Arts,,,
xxxviii.vote,available,56,1%,7,Mathematics,,,
xxxiv.vote,available,56,1%,5,Mathematics,,,
admittable.vote,available,56,1%,10,"Education,Healthcare,Hospitality",,,
fiftyfive.vote,available,56,7%,10,Mathematics,,,
xliii.vote,available,56,1%,5,Mathematics,,,
accoutered.vote,available,56,0%,10,"Fashion,Manufacturing,Retail",,,
thirtysix.vote,available,56,5%,10,Mathematics,,,
admittible.vote,available,56,1%,10,"Education,Healthcare,Hospitality",,,
thirtytwo.vote,available,56,5%,10,Mathematics,,,
fiftyone.vote,available,56,7%,9,Mathematics,,,
fiftysix.vote,available,56,4%,9,Mathematics,,,
abeyant.vote,available,56,1%,7,"Business,Law",,,
xxiv.vote,available,56,5%,4,Mathematics,,,
fortyone.vote,available,56,4%,9,Mathematics,,,
fiftynine.vote,available,56,4%,10,Mathematics,,,
fiftytwo.vote,available,56,6%,9,Mathematics,,,
xxvii.vote,available,56,3%,5,Mathematics,,,
appressed.vote,available,56,0%,9,"Agriculture,Manufacturing,Retail",,,
xlviii.vote,available,56,1%,6,Mathematics,,,
ilx.vote,available,56,5%,3,Mathematics,,,
xxxvii.vote,available,56,2%,6,Mathematics,,,
liii.vote,available,56,4%,4,Mathematics,,,
lvii.vote,available,56,1%,4,Mathematics,,,
potbellied.vote,available,56,0%,10,"Health and Fitness,Medicine",,,
terzetto.vote,available,56,3%,8,Arts,,,
lvi.vote,available,56,8%,3,Mathematics,,,
addled.vote,available,56,2%,6,Entertainment,,,
maledict.vote,available,56,1%,8,Religion,,,
abdominous.vote,available,56,0%,10,"Health and Fitness,Medicine",,,
aone.vote,available,56,15%,5,Food and Beverage,,,
xxix.vote,available,56,4%,4,Mathematics,,,
fortynine.vote,available,56,3%,10,Mathematics,,,
fortytwo.vote,available,56,17%,9,Mathematics,,,
xxxv.vote,available,56,4%,4,Mathematics,,,
lviii.vote,available,56,1%,5,Mathematics,,,
xlvi.vote,available,56,3%,4,Mathematics,,,
xxiii.vote,available,56,5%,5,Mathematics,,,
xlii.vote,available,56,5%,4,Mathematics,,,
xxxiii.vote,available,56,2%,6,Mathematics,,,
halfdozen.vote,available,56,1%,10,Mathematics,,,
fiftyfour.vote,available,56,3%,10,Mathematics,,,
xlvii.vote,available,56,2%,5,Mathematics,,,
lii.vote,available,56,7%,3,Mathematics,,,
xliv.vote,available,56,2%,4,Mathematics,,,
fortysix.vote,available,56,3%,9,Mathematics,,,
thirtyone.vote,available,56,5%,10,Mathematics,,,
xxxvi.vote,available,56,1%,5,Mathematics,,,
xxxi.vote,available,56,9%,4,Mathematics,,,
accentual.vote,available,54,3%,9,"Arts,Entertainment",,,
adaxial.vote,available,54,2%,7,Science,,,
sise.vote,available,54,5%,4,Mathematics,,,
achy.vote,available,54,3%,4,Healthcare,,,
quaternion.vote,available,54,6%,10,Mathematics,,,
admonitory.vote,available,54,0%,10,"Business,Education,Healthcare",,,
topnotch.vote,available,54,18%,8,Business,,,
abhorrent.vote,available,54,1%,9,Humanities,,,
twoscore.vote,available,54,2%,8,Mathematics,,,
vii.vote,available,54,13%,3,Mathematics,,,
scratchy.vote,available,54,3%,8,Fashion,,,
adducting.vote,available,54,1%,9,"Engineering,Mathematics,Science",,,
quaternity.vote,available,54,4%,10,Mathematics,,,
acoustical.vote,available,54,4%,10,Science,,,
abatic.vote,available,54,1%,6,Science,,,
adjuratory.vote,available,54,0%,10,"Law,Politics,Religion",,,
achromatic.vote,available,54,4%,10,Science,,,
deserted.vote,available,54,3%,8,"Hospitality,Real Estate",,,
adpressed.vote,available,54,0%,9,"Agriculture,Manufacturing,Retail",,,
fin.vote,available,54,30%,3,Finance,,,
abducens.vote,available,54,1%,8,Medicine,,,
adductive.vote,available,54,0%,9,"Engineering,Mathematics,Science",,,
abaxial.vote,available,54,1%,7,Science,,,
adducent.vote,available,54,1%,8,"Engineering,Mathematics,Science",,,
unnatural.vote,available,54,4%,9,"Medicine,Science",,,
threescore.vote,available,54,1%,10,Mathematics,,,
quadruplet.vote,available,54,1%,10,"Healthcare,Medicine,Science",,,
actuated.vote,available,54,2%,8,"Automotive,Manufacturing,Technology",,,
ternion.vote,available,54,3%,7,Mathematics,,,
aboral.vote,available,54,2%,6,Science,,,
abasic.vote,available,54,1%,6,Science,,,
quatern.vote,available,54,2%,7,Mathematics,,,
deuceace.vote,available,54,2%,9,Sports,,,
abatable.vote,available,54,1%,8,Law,,,
monitory.vote,available,54,3%,8,"Business,Education,Healthcare",,,
abient.vote,available,54,1%,6,Science,,,
fortyfive.vote,available,54,4%,10,Mathematics,,,
quintuplet.vote,available,54,1%,10,"Healthcare,Medicine,Science",,,
accursed.vote,available,54,3%,8,"Entertainment,Media,Religion",,,
viii.vote,available,54,6%,4,Mathematics,,,
sestet.vote,available,53,1%,6,Arts,,,
septet.vote,available,53,1%,6,General,,,
lxxii.vote,available,52,1%,5,Mathematics,,,
lxviii.vote,available,52,1%,6,Mathematics,,,
xcvi.vote,available,52,2%,4,Mathematics,,,
lxxvi.vote,available,52,1%,5,Mathematics,,,
aboulic.vote,available,52,1%,7,Medicine,,,
lxxi.vote,available,52,1%,4,Mathematics,,,
sixtyfour.vote,available,52,3%,10,Mathematics,,,
xciii.vote,available,52,1%,5,Mathematics,,,
tierce.vote,available,52,3%,6,General,,,
repugnant.vote,available,52,1%,9,Humanities,,,
lxiii.vote,available,52,2%,5,Mathematics,,,
sixtyfive.vote,available,52,3%,10,Mathematics,,,
ixl.vote,available,52,9%,3,Mathematics,,,
xcii.vote,available,52,2%,4,Mathematics,,,
lxxxiii.vote,available,52,1%,7,Mathematics,,,
ixc.vote,available,52,5%,3,Mathematics,,,
lxxxvi.vote,available,52,1%,6,Mathematics,,,
chagrined.vote,available,52,1%,9,Humanities,,,
ablated.vote,available,52,1%,7,Science,,,
lxxxi.vote,available,52,1%,5,Mathematics,,,
eightyone.vote,available,52,3%,10,Mathematics,,,
xcv.vote,available,52,7%,3,Mathematics,,,
lxii.vote,available,52,1%,4,Mathematics,,,
littlejoe.vote,available,52,2%,10,"Entertainment,Media",,,
xcvii.vote,available,52,1%,5,Mathematics,,,
lxxiii.vote,available,52,1%,6,Mathematics,,,
adenoidal.vote,available,52,1%,9,"Health and Fitness,Medicine,Science",,,
lxxxvii.vote,available,52,1%,7,Mathematics,,,
lxvii.vote,available,52,1%,5,Mathematics,,,
xci.vote,available,52,4%,3,Mathematics,,,
ninetytwo.vote,available,52,4%,10,Mathematics,,,
lxxxv.vote,available,52,1%,5,Mathematics,,,
ninetysix.vote,available,52,4%,10,Mathematics,,,
decumbent.vote,available,52,1%,9,"Healthcare,Medicine,Science",,,
lxi.vote,available,52,5%,3,Mathematics,,,
lxiv.vote,available,52,3%,4,Mathematics,,,
repulsive.vote,available,52,1%,9,Humanities,,,
xcviii.vote,available,52,1%,6,Mathematics,,,
sixtytwo.vote,available,52,3%,9,Mathematics,,,
lxxvii.vote,available,52,2%,6,Mathematics,,,
lxxv.vote,available,52,1%,4,Mathematics,,,
uphill.vote,available,52,7%,6,"Sports,Transportation,Travel",,,
detestable.vote,available,52,1%,10,Humanities,,,
lxxiv.vote,available,52,1%,5,Mathematics,,,
odious.vote,available,52,2%,6,"Entertainment,Humanities",,,
lxv.vote,available,52,5%,3,Mathematics,,,
abstruse.vote,available,52,5%,8,"Humanities,Mathematics,Science",,,
abominable.vote,available,52,2%,10,"Entertainment,Humanities",,,
eightytwo.vote,available,52,4%,10,Mathematics,,,
xciv.vote,available,52,2%,4,Mathematics,,,
lxxxiv.vote,available,52,1%,6,Mathematics,,,
lxxxii.vote,available,52,1%,6,Mathematics,,,
abysmal.vote,available,52,4%,7,"Arts,Entertainment,Media",,,
abusive.vote,available,52,3%,7,"Healthcare,Law",,,
ninetyone.vote,available,52,5%,10,Mathematics,,,
sixtysix.vote,available,52,4%,9,Mathematics,,,
lxvi.vote,available,52,3%,4,Mathematics,,,
acaudal.vote,available,50,1%,7,"Agriculture,Science",,,
scummy.vote,available,50,1%,6,Humanities,,,
aborticide.vote,available,50,0%,10,Medicine,,,
abducting.vote,available,50,0%,9,Medicine,,,
acerbic.vote,available,50,2%,7,"Arts,Humanities,Media",,,
vinegary.vote,available,50,1%,8,Food and Beverage,,,
acetose.vote,available,50,1%,7,Science,,,
trine.vote,available,50,11%,5,"General,Religion",,,
broached.vote,available,50,0%,8,Food and Beverage,,,
acapnotic.vote,available,50,0%,9,"Healthcare,Medicine,Science",,,
abomasal.vote,available,50,0%,8,Agriculture,,,
acerose.vote,available,50,1%,7,Science,,,
needlelike.vote,available,50,0%,10,"Engineering,Medicine,Science",,,
quint.vote,available,50,13%,5,"Arts,Entertainment",,,
spinous.vote,available,50,1%,7,"Agriculture,Science",,,
acerb.vote,available,50,2%,5,Science,,,
aculeated.vote,available,50,0%,9,"Engineering,Medicine,Science",,,
acellular.vote,available,50,1%,9,Science,,,
abbatial.vote,available,50,0%,8,Religion,,,
lxx.vote,available,50,5%,3,Mathematics,,,
acquitted.vote,available,50,1%,9,Law,,,
abactinal.vote,available,50,0%,9,Science,,,
cinque.vote,available,50,7%,6,Mathematics,,,
abranchial.vote,available,50,0%,10,Science,,,
abdicable.vote,available,50,0%,9,Law,,,
adhominem.vote,available,50,2%,10,"Humanities,Law,Politics",,,
acapnic.vote,available,50,0%,7,"Healthcare,Medicine,Science",,,
triplet.vote,available,50,8%,7,Science,,,
acetous.vote,available,50,1%,7,Science,,,
gillless.vote,available,50,0%,9,Science,,,
adactylous.vote,available,50,0%,10,Science,,,
ogdoad.vote,available,50,1%,6,Mathematics,,,
notguilty.vote,available,48,5%,10,Law,,,
lxxxviii.vote,available,48,1%,8,Mathematics,,,
ilxxx.vote,available,48,1%,5,Mathematics,,,
abstracted.vote,available,48,5%,10,"Arts,Humanities,Science",,,
apriori.vote,available,48,13%,8,Mathematics,,,
ilxx.vote,available,48,1%,4,Mathematics,,,
execrable.vote,available,48,0%,9,"Entertainment,Humanities",,,
abyssal.vote,available,48,12%,7,"Arts,Entertainment,Media",,,
cotyloid.vote,available,46,1%,8,Science,,,
acanthous.vote,available,46,0%,9,"Agriculture,Science",,,
stripling.vote,available,46,2%,9,"Education,Entertainment,Healthcare",,,
acarpelous.vote,available,46,0%,10,"Agriculture,Science",,,
acicular.vote,available,46,2%,8,Science,,,
acanthoid.vote,available,46,1%,9,"Agriculture,Science",,,
achromic.vote,available,46,2%,8,Science,,,
acephalous.vote,available,46,1%,10,Science,,,
quaternary.vote,available,46,3%,10,Mathematics,,,
acaudate.vote,available,46,1%,8,"Agriculture,Science",,,
vinegarish.vote,available,46,1%,10,Food and Beverage,,,
acetabular.vote,available,46,1%,10,Science,,,
acapnial.vote,available,46,0%,8,"Healthcare,Medicine,Science",,,
acarpous.vote,available,46,0%,8,"Agriculture,Science",,,
stemless.vote,available,46,2%,8,"Agriculture,Science",,,
acetylenic.vote,available,46,1%,10,Science,,,
acanthotic.vote,available,46,0%,10,"Agriculture,Science",,,
acetonic.vote,available,46,1%,8,Science,,,
achenial.vote,available,46,1%,8,Science,,,
achromous.vote,available,46,1%,9,Science,,,
acheronian.vote,available,46,1%,10,Humanities,,,
acetylic.vote,available,46,1%,8,Science,,,
theabsurd.vote,available,46,1%,10,"Arts,Entertainment,Media",,,
acherontic.vote,available,44,1%,10,Humanities,,,
cotyloidal.vote,available,44,1%,10,Science,,,
accusatory.vote,available,44,1%,10,Law,,,
phoebe.vote,available,41,14%,6,Science,,,
abscessed.vote,available,41,0%,9,Healthcare,,,
scurrilous.vote,available,40,1%,10,"Entertainment,Media,Politics",,,
accusive.vote,available,40,1%,8,Law,,,
accurst.vote,available,40,1%,7,Religion,,,